season,competition,phase,round,match_id,match_date_utc,match_date_local,home_team,away_team,home_score,away_score,result,source_url
2013-2014,Liga FUTVE,Apertura,Jornada 1,OWKflyqG,2013-08-10T20:00:00+00:00,2013-08-10T16:00:00-04:00,Atl. Venezuela,Tucanes,3,2,H,https://ve.soccerway.com/venezuela/liga-futve-2013-2014/resultados/
2013-2014,Liga FUTVE,Apertura,Jornada 1,2NJbmebM,2013-08-10T20:00:00+00:00,2013-08-10T16:00:00-04:00,Carabobo,Llaneros,4,0,H,https://ve.soccerway.com/venezuela/liga-futve-2013-2014/resultados/
2013-2014,Liga FUTVE,Apertura,Jornada 1,2NuU2zb9,2013-08-11T13:30:00+00:00,2013-08-11T09:30:00-04:00,Aragua,Estudiantes M.,2,3,A,https://ve.soccerway.com/venezuela/liga-futve-2013-2014/resultados/
2013-2014,Liga FUTVE,Apertura,Jornada 1,dpJ2nFDS,2013-08-11T20:00:00+00:00,2013-08-11T16:00:00-04:00,El Vigía,Lara,4,1,H,https://ve.soccerway.com/venezuela/liga-futve-2013-2014/resultados/
2013-2014,Liga FUTVE,Apertura,Jornada 1,WxAUsZLq,2013-08-11T20:30:00+00:00,2013-08-11T16:30:00-04:00,Caracas,Trujillanos,4,0,H,https://ve.soccerway.com/venezuela/liga-futve-2013-2014/resultados/
2013-2014,Liga FUTVE,Apertura,Jornada 1,E1aZtgyj,2013-08-11T20:30:00+00:00,2013-08-11T16:30:00-04:00,Zulia,Mineros,0,1,A,https://ve.soccerway.com/venezuela/liga-futve-2013-2014/resultados/
2013-2014,Liga FUTVE,Apertura,Jornada 1,hhbwtDjd,2013-08-11T21:30:00+00:00,2013-08-11T17:30:00-04:00,Dep. Anzoátegui,Miranda,1,0,H,https://ve.soccerway.com/venezuela/liga-futve-2013-2014/resultados/
2013-2014,Liga FUTVE,Apertura,Jornada 1,t8iL4dTd,2013-08-11T21:50:00+00:00,2013-08-11T17:50:00-04:00,Dep. Táchira,La Guaira,3,1,H,https://ve.soccerway.com/venezuela/liga-futve-2013-2014/resultados/
2013-2014,Liga FUTVE,Apertura,Jornada 1,KbjP3Gr3,2013-08-11T22:30:00+00:00,2013-08-11T18:30:00-04:00,Zamora,Yaracuyanos,2,0,H,https://ve.soccerway.com/venezuela/liga-futve-2013-2014/resultados/
2013-2014,Liga FUTVE,Apertura,Jornada 2,hQy6sQR0,2013-08-17T21:30:00+00:00,2013-08-17T17:30:00-04:00,Yaracuyanos,Dep. Táchira,0,2,A,https://ve.soccerway.com/venezuela/liga-futve-2013-2014/resultados/
2013-2014,Liga FUTVE,Apertura,Jornada 2,2eJd4mZD,2013-08-17T23:30:00+00:00,2013-08-17T19:30:00-04:00,Mineros,Aragua,2,1,H,https://ve.soccerway.com/venezuela/liga-futve-2013-2014/resultados/
2013-2014,Liga FUTVE,Apertura,Jornada 2,GQqY1fDF,2013-08-18T19:30:00+00:00,2013-08-18T15:30:00-04:00,Tucanes,El Vigía,3,1,H,https://ve.soccerway.com/venezuela/liga-futve-2013-2014/resultados/
2013-2014,Liga FUTVE,Apertura,Jornada 2,nD65qncl,2013-08-18T20:00:00+00:00,2013-08-18T16:00:00-04:00,Atl. Venezuela,Carabobo,2,1,H,https://ve.soccerway.com/venezuela/liga-futve-2013-2014/resultados/
2013-2014,Liga FUTVE,Apertura,Jornada 2,8M71pSsr,2013-08-18T20:00:00+00:00,2013-08-18T16:00:00-04:00,Lara,Dep. Anzoátegui,3,0,H,https://ve.soccerway.com/venezuela/liga-futve-2013-2014/resultados/
2013-2014,Liga FUTVE,Apertura,Jornada 2,nmyAtps7,2013-08-18T20:30:00+00:00,2013-08-18T16:30:00-04:00,Llaneros,Caracas,0,1,A,https://ve.soccerway.com/venezuela/liga-futve-2013-2014/resultados/
2013-2014,Liga FUTVE,Apertura,Jornada 2,0juEu4dD,2013-08-18T20:30:00+00:00,2013-08-18T16:30:00-04:00,Trujillanos,Zulia,1,1,D,https://ve.soccerway.com/venezuela/liga-futve-2013-2014/resultados/
2013-2014,Liga FUTVE,Apertura,Jornada 2,tnI037lK,2013-08-18T21:30:00+00:00,2013-08-18T17:30:00-04:00,Estudiantes M.,La Guaira,0,0,D,https://ve.soccerway.com/venezuela/liga-futve-2013-2014/resultados/
2013-2014,Liga FUTVE,Apertura,Jornada 2,EZx2r6Cf,2013-08-19T13:30:00+00:00,2013-08-19T09:30:00-04:00,Miranda,Zamora,1,3,A,https://ve.soccerway.com/venezuela/liga-futve-2013-2014/resultados/
2013-2014,Liga FUTVE,Apertura,Jornada 3,lCsvHQIJ,2013-08-24T22:30:00+00:00,2013-08-24T18:30:00-04:00,Aragua,Trujillanos,1,1,D,https://ve.soccerway.com/venezuela/liga-futve-2013-2014/resultados/
2013-2014,Liga FUTVE,Apertura,Jornada 3,fgbyc5Rm,2013-08-25T20:00:00+00:00,2013-08-25T16:00:00-04:00,Caracas,Carabobo,3,4,A,https://ve.soccerway.com/venezuela/liga-futve-2013-2014/resultados/
2013-2014,Liga FUTVE,Apertura,Jornada 3,ALM42R3Q,2013-08-25T20:00:00+00:00,2013-08-25T16:00:00-04:00,El Vigía,Atl. Venezuela,0,2,A,https://ve.soccerway.com/venezuela/liga-futve-2013-2014/resultados/
2013-2014,Liga FUTVE,Apertura,Jornada 3,6T1udPtf,2013-08-25T20:30:00+00:00,2013-08-25T16:30:00-04:00,Yaracuyanos,Estudiantes M.,0,1,A,https://ve.soccerway.com/venezuela/liga-futve-2013-2014/resultados/
2013-2014,Liga FUTVE,Apertura,Jornada 3,0j1qeqd0,2013-08-25T20:30:00+00:00,2013-08-25T16:30:00-04:00,Zulia,Llaneros,3,3,D,https://ve.soccerway.com/venezuela/liga-futve-2013-2014/resultados/
2013-2014,Liga FUTVE,Apertura,Jornada 3,dIfhgNQC,2013-08-25T21:30:00+00:00,2013-08-25T17:30:00-04:00,Dep. Anzoátegui,Tucanes,3,2,H,https://ve.soccerway.com/venezuela/liga-futve-2013-2014/resultados/
2013-2014,Liga FUTVE,Apertura,Jornada 3,vs0mf3B6,2013-08-25T21:30:00+00:00,2013-08-25T17:30:00-04:00,Dep. Táchira,Miranda,1,1,D,https://ve.soccerway.com/venezuela/liga-futve-2013-2014/resultados/
2013-2014,Liga FUTVE,Apertura,Jornada 3,z9gdhstJ,2013-08-25T22:30:00+00:00,2013-08-25T18:30:00-04:00,Zamora,Lara,2,0,H,https://ve.soccerway.com/venezuela/liga-futve-2013-2014/resultados/
2013-2014,Liga FUTVE,Apertura,Jornada 4,nmNEAOem,2013-08-31T20:00:00+00:00,2013-08-31T16:00:00-04:00,Atl. Venezuela,Dep. Anzoátegui,1,2,A,https://ve.soccerway.com/venezuela/liga-futve-2013-2014/resultados/
2013-2014,Liga FUTVE,Apertura,Jornada 4,fDMI9rBg,2013-08-31T21:30:00+00:00,2013-08-31T17:30:00-04:00,Lara,Dep. Táchira,1,0,H,https://ve.soccerway.com/venezuela/liga-futve-2013-2014/resultados/
2013-2014,Liga FUTVE,Apertura,Jornada 4,OhEZ50AI,2013-08-31T21:30:00+00:00,2013-08-31T17:30:00-04:00,Trujillanos,La Guaira,2,2,D,https://ve.soccerway.com/venezuela/liga-futve-2013-2014/resultados/
2013-2014,Liga FUTVE,Apertura,Jornada 4,8dOAB4ts,2013-09-01T19:45:00+00:00,2013-09-01T15:45:00-04:00,Tucanes,Zamora,1,1,D,https://ve.soccerway.com/venezuela/liga-futve-2013-2014/resultados/
2013-2014,Liga FUTVE,Apertura,Jornada 4,GSAR7Mu6,2013-09-01T20:00:00+00:00,2013-09-01T16:00:00-04:00,El Vigía,Caracas,1,2,A,https://ve.soccerway.com/venezuela/liga-futve-2013-2014/resultados/
2013-2014,Liga FUTVE,Apertura,Jornada 4,Y3LM82Qa,2013-09-01T20:00:00+00:00,2013-09-01T16:00:00-04:00,Miranda,Yaracuyanos,1,1,D,https://ve.soccerway.com/venezuela/liga-futve-2013-2014/resultados/
2013-2014,Liga FUTVE,Apertura,Jornada 4,2ForGpYP,2013-09-01T20:30:00+00:00,2013-09-01T16:30:00-04:00,Carabobo,Zulia,0,2,A,https://ve.soccerway.com/venezuela/liga-futve-2013-2014/resultados/
2013-2014,Liga FUTVE,Apertura,Jornada 4,UVEV6teC,2013-09-01T20:30:00+00:00,2013-09-01T16:30:00-04:00,Llaneros,Aragua,0,2,A,https://ve.soccerway.com/venezuela/liga-futve-2013-2014/resultados/
2013-2014,Liga FUTVE,Apertura,Jornada 4,2qDw5KPO,2013-09-01T21:30:00+00:00,2013-09-01T17:30:00-04:00,Mineros,Estudiantes M.,3,0,H,https://ve.soccerway.com/venezuela/liga-futve-2013-2014/resultados/
2013-2014,Liga FUTVE,Apertura,Jornada 5,v1dMT32P,2013-09-14T20:00:00+00:00,2013-09-14T16:00:00-04:00,Miranda,Mineros,0,2,A,https://ve.soccerway.com/venezuela/liga-futve-2013-2014/resultados/
2013-2014,Liga FUTVE,Apertura,Jornada 5,zXshOsQn,2013-09-14T22:30:00+00:00,2013-09-14T18:30:00-04:00,Yaracuyanos,Lara,1,0,H,https://ve.soccerway.com/venezuela/liga-futve-2013-2014/resultados/
2013-2014,Liga FUTVE,Apertura,Jornada 5,O6g8KaPB,2013-09-14T23:30:00+00:00,2013-09-14T19:30:00-04:00,Estudiantes M.,Trujillanos,0,0,D,https://ve.soccerway.com/venezuela/liga-futve-2013-2014/resultados/
2013-2014,Liga FUTVE,Apertura,Jornada 5,tArlPNAt,2013-09-15T20:00:00+00:00,2013-09-15T16:00:00-04:00,La Guaira,Llaneros,1,0,H,https://ve.soccerway.com/venezuela/liga-futve-2013-2014/resultados/
2013-2014,Liga FUTVE,Apertura,Jornada 5,YH0eN1ug,2013-09-15T20:30:00+00:00,2013-09-15T16:30:00-04:00,Zulia,Caracas,0,3,A,https://ve.soccerway.com/venezuela/liga-futve-2013-2014/resultados/
2013-2014,Liga FUTVE,Apertura,Jornada 5,fXl4LuA5,2013-09-15T21:30:00+00:00,2013-09-15T17:30:00-04:00,Dep. Anzoátegui,El Vigía,3,1,H,https://ve.soccerway.com/venezuela/liga-futve-2013-2014/resultados/
2013-2014,Liga FUTVE,Apertura,Jornada 5,Gtj0MLfa,2013-09-15T21:30:00+00:00,2013-09-15T17:30:00-04:00,Dep. Táchira,Tucanes,2,1,H,https://ve.soccerway.com/venezuela/liga-futve-2013-2014/resultados/
2013-2014,Liga FUTVE,Apertura,Jornada 5,pMsHIwfO,2013-09-15T22:30:00+00:00,2013-09-15T18:30:00-04:00,Aragua,Carabobo,1,2,A,https://ve.soccerway.com/venezuela/liga-futve-2013-2014/resultados/
2013-2014,Liga FUTVE,Apertura,Jornada 5,2chCJJvI,2013-09-15T22:30:00+00:00,2013-09-15T18:30:00-04:00,Zamora,Atl. Venezuela,0,0,D,https://ve.soccerway.com/venezuela/liga-futve-2013-2014/resultados/
2013-2014,Liga FUTVE,Apertura,Jornada 6,YwxWZvPb,2013-09-21T20:30:00+00:00,2013-09-21T16:30:00-04:00,Lara,Miranda,0,1,A,https://ve.soccerway.com/venezuela/liga-futve-2013-2014/resultados/
2013-2014,Liga FUTVE,Apertura,Jornada 6,zoNQxsut,2013-09-22T19:30:00+00:00,2013-09-22T15:30:00-04:00,Tucanes,Yaracuyanos,2,0,H,https://ve.soccerway.com/venezuela/liga-futve-2013-2014/resultados/
2013-2014,Liga FUTVE,Apertura,Jornada 6,EyMUy1fn,2013-09-22T20:00:00+00:00,2013-09-22T16:00:00-04:00,El Vigía,Zamora,0,2,A,https://ve.soccerway.com/venezuela/liga-futve-2013-2014/resultados/
2013-2014,Liga FUTVE,Apertura,Jornada 6,bPoLHc9U,2013-09-22T20:30:00+00:00,2013-09-22T16:30:00-04:00,Carabobo,La Guaira,2,0,H,https://ve.soccerway.com/venezuela/liga-futve-2013-2014/resultados/
2013-2014,Liga FUTVE,Apertura,Jornada 6,S0yzZbv5,2013-09-22T20:30:00+00:00,2013-09-22T16:30:00-04:00,Caracas,Aragua,2,1,H,https://ve.soccerway.com/venezuela/liga-futve-2013-2014/resultados/
2013-2014,Liga FUTVE,Apertura,Jornada 6,t4uvYIgB,2013-09-22T20:30:00+00:00,2013-09-22T16:30:00-04:00,Llaneros,Estudiantes M.,5,1,H,https://ve.soccerway.com/venezuela/liga-futve-2013-2014/resultados/
2013-2014,Liga FUTVE,Apertura,Jornada 6,OSUrXx9H,2013-09-22T20:30:00+00:00,2013-09-22T16:30:00-04:00,Trujillanos,Mineros,0,0,D,https://ve.soccerway.com/venezuela/liga-futve-2013-2014/resultados/
2013-2014,Liga FUTVE,Apertura,Jornada 6,0hhCFAwp,2013-09-22T21:45:00+00:00,2013-09-22T17:45:00-04:00,Dep. Anzoátegui,Zulia,1,0,H,https://ve.soccerway.com/venezuela/liga-futve-2013-2014/resultados/
2013-2014,Liga FUTVE,Apertura,Jornada 7,ANZ2xYpc,2013-09-25T20:00:00+00:00,2013-09-25T16:00:00-04:00,Miranda,Tucanes,0,0,D,https://ve.soccerway.com/venezuela/liga-futve-2013-2014/resultados/
2013-2014,Liga FUTVE,Apertura,Jornada 7,jwVNX9aS,2013-09-25T23:30:00+00:00,2013-09-25T19:30:00-04:00,Aragua,Zulia,4,1,H,https://ve.soccerway.com/venezuela/liga-futve-2013-2014/resultados/
2013-2014,Liga FUTVE,Apertura,Jornada 7,URdGEUhj,2013-09-25T23:30:00+00:00,2013-09-25T19:30:00-04:00,La Guaira,Caracas,0,2,A,https://ve.soccerway.com/venezuela/liga-futve-2013-2014/resultados/
2013-2014,Liga FUTVE,Apertura,Jornada 7,8IeKDl8d,2013-09-25T23:30:00+00:00,2013-09-25T19:30:00-04:00,Mineros,Llaneros,0,0,D,https://ve.soccerway.com/venezuela/liga-futve-2013-2014/resultados/
2013-2014,Liga FUTVE,Apertura,Jornada 7,GKxBzCF9,2013-09-26T00:00:00+00:00,2013-09-25T20:00:00-04:00,Dep. Táchira,El Vigía,5,2,H,https://ve.soccerway.com/venezuela/liga-futve-2013-2014/resultados/
2013-2014,Liga FUTVE,Apertura,Jornada 7,CnWJYkpM,2013-09-26T00:00:00+00:00,2013-09-25T20:00:00-04:00,Lara,Trujillanos,1,0,H,https://ve.soccerway.com/venezuela/liga-futve-2013-2014/resultados/
2013-2014,Liga FUTVE,Apertura,Jornada 7,Mcw7yh03,2013-09-26T00:00:00+00:00,2013-09-25T20:00:00-04:00,Yaracuyanos,Atl. Venezuela,2,3,A,https://ve.soccerway.com/venezuela/liga-futve-2013-2014/resultados/
2013-2014,Liga FUTVE,Apertura,Jornada 7,fByFZVUF,2013-09-26T00:00:00+00:00,2013-09-25T20:00:00-04:00,Zamora,Dep. Anzoátegui,0,0,D,https://ve.soccerway.com/venezuela/liga-futve-2013-2014/resultados/
2013-2014,Liga FUTVE,Apertura,Jornada 7,8IHkTT7q,2013-09-26T00:30:00+00:00,2013-09-25T20:30:00-04:00,Estudiantes M.,Carabobo,2,3,A,https://ve.soccerway.com/venezuela/liga-futve-2013-2014/resultados/
2013-2014,Liga FUTVE,Apertura,Jornada 8,StiStmxq,2013-09-28T23:30:00+00:00,2013-09-28T19:30:00-04:00,Aragua,Zamora,2,3,A,https://ve.soccerway.com/venezuela/liga-futve-2013-2014/resultados/
2013-2014,Liga FUTVE,Apertura,Jornada 8,4pBbR7xd,2013-09-29T19:30:00+00:00,2013-09-29T15:30:00-04:00,Tucanes,Lara,1,0,H,https://ve.soccerway.com/venezuela/liga-futve-2013-2014/resultados/
2013-2014,Liga FUTVE,Apertura,Jornada 8,MLLgSmNk,2013-09-29T20:00:00+00:00,2013-09-29T16:00:00-04:00,Carabobo,Mineros,4,0,H,https://ve.soccerway.com/venezuela/liga-futve-2013-2014/resultados/
2013-2014,Liga FUTVE,Apertura,Jornada 8,ryA2QRi2,2013-09-29T20:00:00+00:00,2013-09-29T16:00:00-04:00,El Vigía,Yaracuyanos,3,2,H,https://ve.soccerway.com/venezuela/liga-futve-2013-2014/resultados/
2013-2014,Liga FUTVE,Apertura,Jornada 8,dhDqkBU2,2013-09-29T20:30:00+00:00,2013-09-29T16:30:00-04:00,Atl. Venezuela,Miranda,0,0,D,https://ve.soccerway.com/venezuela/liga-futve-2013-2014/resultados/
2013-2014,Liga FUTVE,Apertura,Jornada 8,zqCmlVq9,2013-09-29T20:30:00+00:00,2013-09-29T16:30:00-04:00,Caracas,Estudiantes M.,1,1,D,https://ve.soccerway.com/venezuela/liga-futve-2013-2014/resultados/
2013-2014,Liga FUTVE,Apertura,Jornada 8,WA5dn9EL,2013-09-29T20:30:00+00:00,2013-09-29T16:30:00-04:00,Llaneros,Trujillanos,0,0,D,https://ve.soccerway.com/venezuela/liga-futve-2013-2014/resultados/
2013-2014,Liga FUTVE,Apertura,Jornada 8,I71hmkaF,2013-09-29T20:30:00+00:00,2013-09-29T16:30:00-04:00,Zulia,La Guaira,0,0,D,https://ve.soccerway.com/venezuela/liga-futve-2013-2014/resultados/
2013-2014,Liga FUTVE,Apertura,Jornada 8,QX40oTTR,2013-09-29T22:45:00+00:00,2013-09-29T18:45:00-04:00,Dep. Anzoátegui,Dep. Táchira,2,0,H,https://ve.soccerway.com/venezuela/liga-futve-2013-2014/resultados/
2013-2014,Liga FUTVE,Apertura,Jornada 9,KfGyqePQ,2013-10-05T20:30:00+00:00,2013-10-05T16:30:00-04:00,Mineros,Caracas,1,1,D,https://ve.soccerway.com/venezuela/liga-futve-2013-2014/resultados/
2013-2014,Liga FUTVE,Apertura,Jornada 9,t4HXqyAK,2013-10-05T22:30:00+00:00,2013-10-05T18:30:00-04:00,Dep. Táchira,Zamora,2,0,H,https://ve.soccerway.com/venezuela/liga-futve-2013-2014/resultados/
2013-2014,Liga FUTVE,Apertura,Jornada 9,Qyg4vFXs,2013-10-05T23:30:00+00:00,2013-10-05T19:30:00-04:00,Estudiantes M.,Zulia,1,1,D,https://ve.soccerway.com/venezuela/liga-futve-2013-2014/resultados/
2013-2014,Liga FUTVE,Apertura,Jornada 9,O8pyuR6e,2013-10-06T20:00:00+00:00,2013-10-06T16:00:00-04:00,Miranda,El Vigía,1,1,D,https://ve.soccerway.com/venezuela/liga-futve-2013-2014/resultados/
2013-2014,Liga FUTVE,Apertura,Jornada 9,IVquvoM1,2013-10-06T20:30:00+00:00,2013-10-06T16:30:00-04:00,La Guaira,Aragua,0,1,A,https://ve.soccerway.com/venezuela/liga-futve-2013-2014/resultados/
2013-2014,Liga FUTVE,Apertura,Jornada 9,YwEPocu8,2013-10-06T20:30:00+00:00,2013-10-06T16:30:00-04:00,Llaneros,Tucanes,3,2,H,https://ve.soccerway.com/venezuela/liga-futve-2013-2014/resultados/
2013-2014,Liga FUTVE,Apertura,Jornada 9,CUCTpHfE,2013-10-06T20:30:00+00:00,2013-10-06T16:30:00-04:00,Trujillanos,Carabobo,1,1,D,https://ve.soccerway.com/venezuela/liga-futve-2013-2014/resultados/
2013-2014,Liga FUTVE,Apertura,Jornada 9,pIoXu7ik,2013-10-06T21:30:00+00:00,2013-10-06T17:30:00-04:00,Lara,Atl. Venezuela,0,1,A,https://ve.soccerway.com/venezuela/liga-futve-2013-2014/resultados/
2013-2014,Liga FUTVE,Apertura,Jornada 9,U5mqw5y8,2013-10-06T22:30:00+00:00,2013-10-06T18:30:00-04:00,Yaracuyanos,Dep. Anzoátegui,1,2,A,https://ve.soccerway.com/venezuela/liga-futve-2013-2014/resultados/
2013-2014,Liga FUTVE,Apertura,Jornada 6,fmwSzL9h,2013-10-16T21:30:00+00:00,2013-10-16T17:30:00-04:00,Atl. Venezuela,Dep. Táchira,1,1,D,https://ve.soccerway.com/venezuela/liga-futve-2013-2014/resultados/
2013-2014,Liga FUTVE,Apertura,Jornada 10,vuc8wZnl,2013-10-20T19:30:00+00:00,2013-10-20T15:30:00-04:00,Tucanes,Carabobo,0,0,D,https://ve.soccerway.com/venezuela/liga-futve-2013-2014/resultados/
2013-2014,Liga FUTVE,Apertura,Jornada 10,Y1dCxg2f,2013-10-20T20:00:00+00:00,2013-10-20T16:00:00-04:00,El Vigía,Zulia,1,1,D,https://ve.soccerway.com/venezuela/liga-futve-2013-2014/resultados/
2013-2014,Liga FUTVE,Apertura,Jornada 10,WfBHZjnD,2013-10-20T20:00:00+00:00,2013-10-20T16:00:00-04:00,Miranda,Trujillanos,0,3,A,https://ve.soccerway.com/venezuela/liga-futve-2013-2014/resultados/
2013-2014,Liga FUTVE,Apertura,Jornada 10,CheGyDH0,2013-10-20T20:30:00+00:00,2013-10-20T16:30:00-04:00,Atl. Venezuela,Caracas,0,0,D,https://ve.soccerway.com/venezuela/liga-futve-2013-2014/resultados/
2013-2014,Liga FUTVE,Apertura,Jornada 10,pbaabzPD,2013-10-20T20:30:00+00:00,2013-10-20T16:30:00-04:00,Yaracuyanos,Mineros,1,2,A,https://ve.soccerway.com/venezuela/liga-futve-2013-2014/resultados/
2013-2014,Liga FUTVE,Apertura,Jornada 10,b133cfvK,2013-10-20T21:30:00+00:00,2013-10-20T17:30:00-04:00,Dep. Anzoátegui,Aragua,1,2,A,https://ve.soccerway.com/venezuela/liga-futve-2013-2014/resultados/
2013-2014,Liga FUTVE,Apertura,Jornada 10,h4CDzXW6,2013-10-20T21:30:00+00:00,2013-10-20T17:30:00-04:00,Lara,Llaneros,2,1,H,https://ve.soccerway.com/venezuela/liga-futve-2013-2014/resultados/
2013-2014,Liga FUTVE,Apertura,Jornada 10,tQh8dEgQ,2013-10-20T22:30:00+00:00,2013-10-20T18:30:00-04:00,Dep. Táchira,Estudiantes M.,4,0,H,https://ve.soccerway.com/venezuela/liga-futve-2013-2014/resultados/
2013-2014,Liga FUTVE,Apertura,Jornada 10,rZvzhY1s,2013-10-20T22:30:00+00:00,2013-10-20T18:30:00-04:00,Zamora,La Guaira,2,1,H,https://ve.soccerway.com/venezuela/liga-futve-2013-2014/resultados/
2013-2014,Liga FUTVE,Apertura,Jornada 11,YNXnkWo0,2013-10-26T23:30:00+00:00,2013-10-26T19:30:00-04:00,La Guaira,Dep. Anzoátegui,1,2,A,https://ve.soccerway.com/venezuela/liga-futve-2013-2014/resultados/
2013-2014,Liga FUTVE,Apertura,Jornada 11,C8qvihHm,2013-10-27T20:00:00+00:00,2013-10-27T16:00:00-04:00,Carabobo,Lara,3,2,H,https://ve.soccerway.com/venezuela/liga-futve-2013-2014/resultados/
2013-2014,Liga FUTVE,Apertura,Jornada 11,jarrjCWg,2013-10-27T20:00:00+00:00,2013-10-27T16:00:00-04:00,Caracas,Tucanes,2,0,H,https://ve.soccerway.com/venezuela/liga-futve-2013-2014/resultados/
2013-2014,Liga FUTVE,Apertura,Jornada 11,W8jjlj16,2013-10-27T20:00:00+00:00,2013-10-27T16:00:00-04:00,Zulia,Atl. Venezuela,0,1,A,https://ve.soccerway.com/venezuela/liga-futve-2013-2014/resultados/
2013-2014,Liga FUTVE,Apertura,Jornada 11,QVkfmAGC,2013-10-27T20:30:00+00:00,2013-10-27T16:30:00-04:00,Llaneros,Miranda,1,2,A,https://ve.soccerway.com/venezuela/liga-futve-2013-2014/resultados/
2013-2014,Liga FUTVE,Apertura,Jornada 11,vDd6fRNu,2013-10-27T20:30:00+00:00,2013-10-27T16:30:00-04:00,Mineros,Dep. Táchira,1,0,H,https://ve.soccerway.com/venezuela/liga-futve-2013-2014/resultados/
2013-2014,Liga FUTVE,Apertura,Jornada 11,4MlbnUVI,2013-10-27T20:30:00+00:00,2013-10-27T16:30:00-04:00,Trujillanos,Yaracuyanos,5,2,H,https://ve.soccerway.com/venezuela/liga-futve-2013-2014/resultados/
2013-2014,Liga FUTVE,Apertura,Jornada 11,CQfEh5hh,2013-10-27T23:30:00+00:00,2013-10-27T19:30:00-04:00,Aragua,El Vigía,1,2,A,https://ve.soccerway.com/venezuela/liga-futve-2013-2014/resultados/
2013-2014,Liga FUTVE,Apertura,Jornada 3,CU8WcoCs,2013-10-30T23:30:00+00:00,2013-10-30T19:30:00-04:00,La Guaira,Mineros,1,1,D,https://ve.soccerway.com/venezuela/liga-futve-2013-2014/resultados/
2013-2014,Liga FUTVE,Apertura,Jornada 12,YaoZms7N,2013-11-03T19:30:00+00:00,2013-11-03T15:30:00-04:00,El Vigía,La Guaira,2,0,H,https://ve.soccerway.com/venezuela/liga-futve-2013-2014/resultados/
2013-2014,Liga FUTVE,Apertura,Jornada 12,QTbIiP7b,2013-11-03T19:30:00+00:00,2013-11-03T15:30:00-04:00,Tucanes,Zulia,2,2,D,https://ve.soccerway.com/venezuela/liga-futve-2013-2014/resultados/
2013-2014,Liga FUTVE,Apertura,Jornada 12,f9nVlNiH,2013-11-03T20:00:00+00:00,2013-11-03T16:00:00-04:00,Miranda,Carabobo,0,0,D,https://ve.soccerway.com/venezuela/liga-futve-2013-2014/resultados/
2013-2014,Liga FUTVE,Apertura,Jornada 12,8hlNjqN4,2013-11-03T20:30:00+00:00,2013-11-03T16:30:00-04:00,Atl. Venezuela,Aragua,1,1,D,https://ve.soccerway.com/venezuela/liga-futve-2013-2014/resultados/
2013-2014,Liga FUTVE,Apertura,Jornada 12,GOzvm1MT,2013-11-03T20:30:00+00:00,2013-11-03T16:30:00-04:00,Yaracuyanos,Llaneros,1,2,A,https://ve.soccerway.com/venezuela/liga-futve-2013-2014/resultados/
2013-2014,Liga FUTVE,Apertura,Jornada 12,hpS5rLUp,2013-11-03T21:30:00+00:00,2013-11-03T17:30:00-04:00,Dep. Táchira,Trujillanos,2,2,D,https://ve.soccerway.com/venezuela/liga-futve-2013-2014/resultados/
2013-2014,Liga FUTVE,Apertura,Jornada 12,nqmRk3xB,2013-11-03T21:30:00+00:00,2013-11-03T17:30:00-04:00,Lara,Caracas,1,1,D,https://ve.soccerway.com/venezuela/liga-futve-2013-2014/resultados/
2013-2014,Liga FUTVE,Apertura,Jornada 12,pvFi6OMi,2013-11-03T22:30:00+00:00,2013-11-03T18:30:00-04:00,Zamora,Mineros,0,0,D,https://ve.soccerway.com/venezuela/liga-futve-2013-2014/resultados/
2013-2014,Liga FUTVE,Apertura,Jornada 12,6mGm747o,2013-11-04T00:00:00+00:00,2013-11-03T20:00:00-04:00,Dep. Anzoátegui,Estudiantes M.,1,1,D,https://ve.soccerway.com/venezuela/liga-futve-2013-2014/resultados/
2013-2014,Liga FUTVE,Apertura,Jornada 13,t6UVJsii,2013-11-09T23:30:00+00:00,2013-11-09T19:30:00-04:00,Aragua,Tucanes,1,2,A,https://ve.soccerway.com/venezuela/liga-futve-2013-2014/resultados/
2013-2014,Liga FUTVE,Apertura,Jornada 13,v1jmebEj,2013-11-09T23:30:00+00:00,2013-11-09T19:30:00-04:00,Estudiantes M.,El Vigía,3,3,D,https://ve.soccerway.com/venezuela/liga-futve-2013-2014/resultados/
2013-2014,Liga FUTVE,Apertura,Jornada 13,2F9d5rxb,2013-11-10T20:00:00+00:00,2013-11-10T16:00:00-04:00,Carabobo,Yaracuyanos,3,1,H,https://ve.soccerway.com/venezuela/liga-futve-2013-2014/resultados/
2013-2014,Liga FUTVE,Apertura,Jornada 13,t68042i4,2013-11-10T20:00:00+00:00,2013-11-10T16:00:00-04:00,Caracas,Miranda,2,2,D,https://ve.soccerway.com/venezuela/liga-futve-2013-2014/resultados/
2013-2014,Liga FUTVE,Apertura,Jornada 13,n3B82tMG,2013-11-10T20:00:00+00:00,2013-11-10T16:00:00-04:00,Zulia,Lara,4,1,H,https://ve.soccerway.com/venezuela/liga-futve-2013-2014/resultados/
2013-2014,Liga FUTVE,Apertura,Jornada 13,zT743M6A,2013-11-10T20:30:00+00:00,2013-11-10T16:30:00-04:00,La Guaira,Atl. Venezuela,0,0,D,https://ve.soccerway.com/venezuela/liga-futve-2013-2014/resultados/
2013-2014,Liga FUTVE,Apertura,Jornada 13,UR0D10yN,2013-11-10T20:30:00+00:00,2013-11-10T16:30:00-04:00,Llaneros,Dep. Táchira,1,1,D,https://ve.soccerway.com/venezuela/liga-futve-2013-2014/resultados/
2013-2014,Liga FUTVE,Apertura,Jornada 13,0Aiqdvap,2013-11-10T20:30:00+00:00,2013-11-10T16:30:00-04:00,Mineros,Dep. Anzoátegui,4,3,H,https://ve.soccerway.com/venezuela/liga-futve-2013-2014/resultados/
2013-2014,Liga FUTVE,Apertura,Jornada 13,8IaH0KjT,2013-11-10T20:30:00+00:00,2013-11-10T16:30:00-04:00,Trujillanos,Zamora,0,0,D,https://ve.soccerway.com/venezuela/liga-futve-2013-2014/resultados/
2013-2014,Liga FUTVE,Apertura,Jornada 11,I3eAgown,2013-11-14T00:00:00+00:00,2013-11-13T20:00:00-04:00,Estudiantes M.,Zamora,1,1,D,https://ve.soccerway.com/venezuela/liga-futve-2013-2014/resultados/
2013-2014,Liga FUTVE,Apertura,Jornada 14,lWXwILL3,2013-11-16T23:30:00+00:00,2013-11-16T19:30:00-04:00,Lara,Aragua,0,0,D,https://ve.soccerway.com/venezuela/liga-futve-2013-2014/resultados/
2013-2014,Liga FUTVE,Apertura,Jornada 14,fq3vGajG,2013-11-17T19:30:00+00:00,2013-11-17T15:30:00-04:00,El Vigía,Mineros,1,2,A,https://ve.soccerway.com/venezuela/liga-futve-2013-2014/resultados/
2013-2014,Liga FUTVE,Apertura,Jornada 14,f9YZI16c,2013-11-17T19:30:00+00:00,2013-11-17T15:30:00-04:00,Tucanes,La Guaira,0,2,A,https://ve.soccerway.com/venezuela/liga-futve-2013-2014/resultados/
2013-2014,Liga FUTVE,Apertura,Jornada 14,SMWsHuyA,2013-11-17T20:00:00+00:00,2013-11-17T16:00:00-04:00,Miranda,Zulia,1,1,D,https://ve.soccerway.com/venezuela/liga-futve-2013-2014/resultados/
2013-2014,Liga FUTVE,Apertura,Jornada 14,YZ1rFJ5M,2013-11-17T20:30:00+00:00,2013-11-17T16:30:00-04:00,Atl. Venezuela,Estudiantes M.,1,3,A,https://ve.soccerway.com/venezuela/liga-futve-2013-2014/resultados/
2013-2014,Liga FUTVE,Apertura,Jornada 14,4IhE9cTq,2013-11-17T20:30:00+00:00,2013-11-17T16:30:00-04:00,Dep. Táchira,Carabobo,3,1,H,https://ve.soccerway.com/venezuela/liga-futve-2013-2014/resultados/
2013-2014,Liga FUTVE,Apertura,Jornada 14,Sd1nEwLS,2013-11-17T20:30:00+00:00,2013-11-17T16:30:00-04:00,Yaracuyanos,Caracas,0,1,A,https://ve.soccerway.com/venezuela/liga-futve-2013-2014/resultados/
2013-2014,Liga FUTVE,Apertura,Jornada 14,nsrJ8Hrj,2013-11-17T21:30:00+00:00,2013-11-17T17:30:00-04:00,Dep. Anzoátegui,Trujillanos,1,1,D,https://ve.soccerway.com/venezuela/liga-futve-2013-2014/resultados/
2013-2014,Liga FUTVE,Apertura,Jornada 14,QXtN7ybd,2013-11-17T22:30:00+00:00,2013-11-17T18:30:00-04:00,Zamora,Llaneros,3,1,H,https://ve.soccerway.com/venezuela/liga-futve-2013-2014/resultados/
2013-2014,Liga FUTVE,Apertura,Jornada 15,Yc60LfSe,2013-11-23T23:30:00+00:00,2013-11-23T19:30:00-04:00,Aragua,Miranda,2,1,H,https://ve.soccerway.com/venezuela/liga-futve-2013-2014/resultados/
2013-2014,Liga FUTVE,Apertura,Jornada 15,vy7dMzDk,2013-11-23T23:30:00+00:00,2013-11-23T19:30:00-04:00,Estudiantes M.,Tucanes,3,1,H,https://ve.soccerway.com/venezuela/liga-futve-2013-2014/resultados/
2013-2014,Liga FUTVE,Apertura,Jornada 15,Emz5WKzc,2013-11-24T20:00:00+00:00,2013-11-24T16:00:00-04:00,Carabobo,Zamora,0,1,A,https://ve.soccerway.com/venezuela/liga-futve-2013-2014/resultados/
2013-2014,Liga FUTVE,Apertura,Jornada 15,hvZ8Vvj3,2013-11-24T20:00:00+00:00,2013-11-24T16:00:00-04:00,Caracas,Dep. Táchira,1,0,H,https://ve.soccerway.com/venezuela/liga-futve-2013-2014/resultados/
2013-2014,Liga FUTVE,Apertura,Jornada 15,nwSHTIKF,2013-11-24T20:00:00+00:00,2013-11-24T16:00:00-04:00,Zulia,Yaracuyanos,1,0,H,https://ve.soccerway.com/venezuela/liga-futve-2013-2014/resultados/
2013-2014,Liga FUTVE,Apertura,Jornada 15,z3ODUb59,2013-11-24T20:30:00+00:00,2013-11-24T16:30:00-04:00,La Guaira,Lara,0,0,D,https://ve.soccerway.com/venezuela/liga-futve-2013-2014/resultados/
2013-2014,Liga FUTVE,Apertura,Jornada 15,t0RLSxzM,2013-11-24T20:30:00+00:00,2013-11-24T16:30:00-04:00,Llaneros,Dep. Anzoátegui,0,1,A,https://ve.soccerway.com/venezuela/liga-futve-2013-2014/resultados/
2013-2014,Liga FUTVE,Apertura,Jornada 15,0p8hNGcq,2013-11-24T20:30:00+00:00,2013-11-24T16:30:00-04:00,Mineros,Atl. Venezuela,3,0,H,https://ve.soccerway.com/venezuela/liga-futve-2013-2014/resultados/
2013-2014,Liga FUTVE,Apertura,Jornada 15,KjQPRdkS,2013-11-24T20:30:00+00:00,2013-11-24T16:30:00-04:00,Trujillanos,El Vigía,4,0,H,https://ve.soccerway.com/venezuela/liga-futve-2013-2014/resultados/
2013-2014,Liga FUTVE,Apertura,Jornada 16,tS1uMRI6,2013-11-29T23:30:00+00:00,2013-11-29T19:30:00-04:00,Lara,Estudiantes M.,0,1,A,https://ve.soccerway.com/venezuela/liga-futve-2013-2014/resultados/
2013-2014,Liga FUTVE,Apertura,Jornada 16,fBaTOTYm,2013-12-01T19:30:00+00:00,2013-12-01T15:30:00-04:00,El Vigía,Llaneros,1,2,A,https://ve.soccerway.com/venezuela/liga-futve-2013-2014/resultados/
2013-2014,Liga FUTVE,Apertura,Jornada 16,CnAOP9Js,2013-12-01T20:00:00+00:00,2013-12-01T16:00:00-04:00,Miranda,La Guaira,1,1,D,https://ve.soccerway.com/venezuela/liga-futve-2013-2014/resultados/
2013-2014,Liga FUTVE,Apertura,Jornada 16,8E3XNmlf,2013-12-01T20:30:00+00:00,2013-12-01T16:30:00-04:00,Atl. Venezuela,Trujillanos,2,2,D,https://ve.soccerway.com/venezuela/liga-futve-2013-2014/resultados/
2013-2014,Liga FUTVE,Apertura,Jornada 16,zNnesxkF,2013-12-01T20:30:00+00:00,2013-12-01T16:30:00-04:00,Dep. Anzoátegui,Carabobo,2,1,H,https://ve.soccerway.com/venezuela/liga-futve-2013-2014/resultados/
2013-2014,Liga FUTVE,Apertura,Jornada 16,l6lmqbK2,2013-12-01T20:30:00+00:00,2013-12-01T16:30:00-04:00,Dep. Táchira,Zulia,2,0,H,https://ve.soccerway.com/venezuela/liga-futve-2013-2014/resultados/
2013-2014,Liga FUTVE,Apertura,Jornada 16,2y3yN730,2013-12-01T20:30:00+00:00,2013-12-01T16:30:00-04:00,Tucanes,Mineros,2,3,A,https://ve.soccerway.com/venezuela/liga-futve-2013-2014/resultados/
2013-2014,Liga FUTVE,Apertura,Jornada 16,n1A4KEs2,2013-12-01T20:30:00+00:00,2013-12-01T16:30:00-04:00,Yaracuyanos,Aragua,1,1,D,https://ve.soccerway.com/venezuela/liga-futve-2013-2014/resultados/
2013-2014,Liga FUTVE,Apertura,Jornada 16,SdmirIZ8,2013-12-01T20:30:00+00:00,2013-12-01T16:30:00-04:00,Zamora,Caracas,2,1,H,https://ve.soccerway.com/venezuela/liga-futve-2013-2014/resultados/
2013-2014,Liga FUTVE,Apertura,Jornada 17,xfelK5mJ,2013-12-15T20:00:00+00:00,2013-12-15T16:00:00-04:00,Aragua,Dep. Táchira,3,3,D,https://ve.soccerway.com/venezuela/liga-futve-2013-2014/resultados/
2013-2014,Liga FUTVE,Apertura,Jornada 17,b3dpLoYC,2013-12-15T20:00:00+00:00,2013-12-15T16:00:00-04:00,Carabobo,El Vigía,1,0,H,https://ve.soccerway.com/venezuela/liga-futve-2013-2014/resultados/
2013-2014,Liga FUTVE,Apertura,Jornada 17,lr2Zs9uQ,2013-12-15T20:00:00+00:00,2013-12-15T16:00:00-04:00,Caracas,Dep. Anzoátegui,3,2,H,https://ve.soccerway.com/venezuela/liga-futve-2013-2014/resultados/
2013-2014,Liga FUTVE,Apertura,Jornada 17,O4WIZpm6,2013-12-15T20:00:00+00:00,2013-12-15T16:00:00-04:00,Estudiantes M.,Miranda,0,2,A,https://ve.soccerway.com/venezuela/liga-futve-2013-2014/resultados/
2013-2014,Liga FUTVE,Apertura,Jornada 17,fPv2wTms,2013-12-15T20:00:00+00:00,2013-12-15T16:00:00-04:00,La Guaira,Yaracuyanos,2,2,D,https://ve.soccerway.com/venezuela/liga-futve-2013-2014/resultados/
2013-2014,Liga FUTVE,Apertura,Jornada 17,YFw6xm3m,2013-12-15T20:00:00+00:00,2013-12-15T16:00:00-04:00,Llaneros,Atl. Venezuela,2,0,H,https://ve.soccerway.com/venezuela/liga-futve-2013-2014/resultados/
2013-2014,Liga FUTVE,Apertura,Jornada 17,ttsEzRXa,2013-12-15T20:00:00+00:00,2013-12-15T16:00:00-04:00,Mineros,Lara,3,1,H,https://ve.soccerway.com/venezuela/liga-futve-2013-2014/resultados/
2013-2014,Liga FUTVE,Apertura,Jornada 17,2krAy7Ig,2013-12-15T20:00:00+00:00,2013-12-15T16:00:00-04:00,Trujillanos,Tucanes,2,2,D,https://ve.soccerway.com/venezuela/liga-futve-2013-2014/resultados/
2013-2014,Liga FUTVE,Apertura,Jornada 17,jcqWrkQJ,2013-12-15T20:00:00+00:00,2013-12-15T16:00:00-04:00,Zulia,Zamora,1,0,H,https://ve.soccerway.com/venezuela/liga-futve-2013-2014/resultados/
2013-2014,Liga FUTVE,Clausura,Jornada 1,Op2HhfWb,2014-01-11T19:30:00+00:00,2014-01-11T15:30:00-04:00,Tucanes,Atl. Venezuela,4,0,H,https://ve.soccerway.com/venezuela/liga-futve-2013-2014/resultados/
2013-2014,Liga FUTVE,Clausura,Jornada 1,dCFOjY0B,2014-01-12T19:30:00+00:00,2014-01-12T15:30:00-04:00,Yaracuyanos,Zamora,1,1,D,https://ve.soccerway.com/venezuela/liga-futve-2013-2014/resultados/
2013-2014,Liga FUTVE,Clausura,Jornada 1,hv9XlCVN,2014-01-12T20:30:00+00:00,2014-01-12T16:30:00-04:00,Estudiantes M.,Aragua,0,2,A,https://ve.soccerway.com/venezuela/liga-futve-2013-2014/resultados/
2013-2014,Liga FUTVE,Clausura,Jornada 1,vy5TkhGH,2014-01-12T20:30:00+00:00,2014-01-12T16:30:00-04:00,La Guaira,Dep. Táchira,0,1,A,https://ve.soccerway.com/venezuela/liga-futve-2013-2014/resultados/
2013-2014,Liga FUTVE,Clausura,Jornada 1,lAf3qjgo,2014-01-12T20:30:00+00:00,2014-01-12T16:30:00-04:00,Llaneros,Carabobo,0,1,A,https://ve.soccerway.com/venezuela/liga-futve-2013-2014/resultados/
2013-2014,Liga FUTVE,Clausura,Jornada 1,6oPmi2Ci,2014-01-12T20:30:00+00:00,2014-01-12T16:30:00-04:00,Mineros,Zulia,2,0,H,https://ve.soccerway.com/venezuela/liga-futve-2013-2014/resultados/
2013-2014,Liga FUTVE,Clausura,Jornada 1,n18ylWpU,2014-01-12T20:30:00+00:00,2014-01-12T16:30:00-04:00,Trujillanos,Caracas,1,1,D,https://ve.soccerway.com/venezuela/liga-futve-2013-2014/resultados/
2013-2014,Liga FUTVE,Clausura,Jornada 1,SfQqhrco,2014-01-12T21:30:00+00:00,2014-01-12T17:30:00-04:00,Lara,El Vigía,4,0,H,https://ve.soccerway.com/venezuela/liga-futve-2013-2014/resultados/
2013-2014,Liga FUTVE,Clausura,Jornada 1,ILGKiEo5,2014-01-15T20:00:00+00:00,2014-01-15T16:00:00-04:00,Miranda,Dep. Anzoátegui,0,1,A,https://ve.soccerway.com/venezuela/liga-futve-2013-2014/resultados/
2013-2014,Liga FUTVE,Clausura,Jornada 2,08OijMRc,2014-01-18T23:30:00+00:00,2014-01-18T19:30:00-04:00,Aragua,Mineros,1,0,H,https://ve.soccerway.com/venezuela/liga-futve-2013-2014/resultados/
2013-2014,Liga FUTVE,Clausura,Jornada 2,CrSekts4,2014-01-19T19:30:00+00:00,2014-01-19T15:30:00-04:00,El Vigía,Tucanes,0,1,A,https://ve.soccerway.com/venezuela/liga-futve-2013-2014/resultados/
2013-2014,Liga FUTVE,Clausura,Jornada 2,f7H0l0dA,2014-01-19T20:00:00+00:00,2014-01-19T16:00:00-04:00,Carabobo,Atl. Venezuela,0,1,A,https://ve.soccerway.com/venezuela/liga-futve-2013-2014/resultados/
2013-2014,Liga FUTVE,Clausura,Jornada 2,YcG4mKBG,2014-01-19T20:00:00+00:00,2014-01-19T16:00:00-04:00,Caracas,Llaneros,2,1,H,https://ve.soccerway.com/venezuela/liga-futve-2013-2014/resultados/
2013-2014,Liga FUTVE,Clausura,Jornada 2,06qYVitq,2014-01-19T20:00:00+00:00,2014-01-19T16:00:00-04:00,Zulia,Trujillanos,0,1,A,https://ve.soccerway.com/venezuela/liga-futve-2013-2014/resultados/
2013-2014,Liga FUTVE,Clausura,Jornada 2,vcrxVBek,2014-01-19T20:30:00+00:00,2014-01-19T16:30:00-04:00,La Guaira,Estudiantes M.,2,1,H,https://ve.soccerway.com/venezuela/liga-futve-2013-2014/resultados/
2013-2014,Liga FUTVE,Clausura,Jornada 2,MLXtUVAe,2014-01-19T21:30:00+00:00,2014-01-19T17:30:00-04:00,Dep. Anzoátegui,Lara,2,2,D,https://ve.soccerway.com/venezuela/liga-futve-2013-2014/resultados/
2013-2014,Liga FUTVE,Clausura,Jornada 2,zPyoTkQ1,2014-01-19T21:30:00+00:00,2014-01-19T17:30:00-04:00,Dep. Táchira,Yaracuyanos,4,2,H,https://ve.soccerway.com/venezuela/liga-futve-2013-2014/resultados/
2013-2014,Liga FUTVE,Clausura,Jornada 2,lSPSiZ22,2014-01-19T22:30:00+00:00,2014-01-19T18:30:00-04:00,Zamora,Miranda,2,1,H,https://ve.soccerway.com/venezuela/liga-futve-2013-2014/resultados/
2013-2014,Liga FUTVE,Clausura,Jornada 11,AZRudres,2014-01-23T00:00:00+00:00,2014-01-22T20:00:00-04:00,Zamora,Estudiantes M.,4,2,H,https://ve.soccerway.com/venezuela/liga-futve-2013-2014/resultados/
2013-2014,Liga FUTVE,Clausura,Jornada 3,nLvYlXnL,2014-01-25T20:00:00+00:00,2014-01-25T16:00:00-04:00,Carabobo,Caracas,2,2,D,https://ve.soccerway.com/venezuela/liga-futve-2013-2014/resultados/
2013-2014,Liga FUTVE,Clausura,Jornada 3,SIOWjgI8,2014-01-26T19:30:00+00:00,2014-01-26T15:30:00-04:00,Tucanes,Dep. Anzoátegui,2,0,H,https://ve.soccerway.com/venezuela/liga-futve-2013-2014/resultados/
2013-2014,Liga FUTVE,Clausura,Jornada 3,trvxli2R,2014-01-26T20:30:00+00:00,2014-01-26T16:30:00-04:00,Atl. Venezuela,El Vigía,2,1,H,https://ve.soccerway.com/venezuela/liga-futve-2013-2014/resultados/
2013-2014,Liga FUTVE,Clausura,Jornada 3,I3V3qBAr,2014-01-26T20:30:00+00:00,2014-01-26T16:30:00-04:00,Estudiantes M.,Yaracuyanos,1,1,D,https://ve.soccerway.com/venezuela/liga-futve-2013-2014/resultados/
2013-2014,Liga FUTVE,Clausura,Jornada 3,8hOGt9f1,2014-01-26T20:30:00+00:00,2014-01-26T16:30:00-04:00,Llaneros,Zulia,0,1,A,https://ve.soccerway.com/venezuela/liga-futve-2013-2014/resultados/
2013-2014,Liga FUTVE,Clausura,Jornada 3,0SK8rVPl,2014-01-26T20:30:00+00:00,2014-01-26T16:30:00-04:00,Mineros,La Guaira,1,1,D,https://ve.soccerway.com/venezuela/liga-futve-2013-2014/resultados/
2013-2014,Liga FUTVE,Clausura,Jornada 3,8UuUkDXE,2014-01-26T20:30:00+00:00,2014-01-26T16:30:00-04:00,Miranda,Dep. Táchira,1,2,A,https://ve.soccerway.com/venezuela/liga-futve-2013-2014/resultados/
2013-2014,Liga FUTVE,Clausura,Jornada 3,vJJCskue,2014-01-26T20:30:00+00:00,2014-01-26T16:30:00-04:00,Trujillanos,Aragua,2,0,H,https://ve.soccerway.com/venezuela/liga-futve-2013-2014/resultados/
2013-2014,Liga FUTVE,Clausura,Jornada 3,nqNKuT97,2014-01-26T21:30:00+00:00,2014-01-26T17:30:00-04:00,Lara,Zamora,1,0,H,https://ve.soccerway.com/venezuela/liga-futve-2013-2014/resultados/
2013-2014,Liga FUTVE,Clausura,Jornada 4,Ygbke89f,2014-02-01T21:30:00+00:00,2014-02-01T17:30:00-04:00,Dep. Anzoátegui,Atl. Venezuela,1,1,D,https://ve.soccerway.com/venezuela/liga-futve-2013-2014/resultados/
2013-2014,Liga FUTVE,Clausura,Jornada 4,ll134Cn8,2014-02-01T23:30:00+00:00,2014-02-01T19:30:00-04:00,Aragua,Llaneros,3,0,H,https://ve.soccerway.com/venezuela/liga-futve-2013-2014/resultados/
2013-2014,Liga FUTVE,Clausura,Jornada 4,KnIE1AWQ,2014-02-02T19:30:00+00:00,2014-02-02T15:30:00-04:00,Yaracuyanos,Miranda,2,4,A,https://ve.soccerway.com/venezuela/liga-futve-2013-2014/resultados/
2013-2014,Liga FUTVE,Clausura,Jornada 4,tdJA2jHK,2014-02-02T20:00:00+00:00,2014-02-02T16:00:00-04:00,Zulia,Carabobo,1,1,D,https://ve.soccerway.com/venezuela/liga-futve-2013-2014/resultados/
2013-2014,Liga FUTVE,Clausura,Jornada 4,vXbodlfl,2014-02-02T20:30:00+00:00,2014-02-02T16:30:00-04:00,Estudiantes M.,Mineros,0,2,A,https://ve.soccerway.com/venezuela/liga-futve-2013-2014/resultados/
2013-2014,Liga FUTVE,Clausura,Jornada 4,0t0scUvr,2014-02-02T20:30:00+00:00,2014-02-02T16:30:00-04:00,La Guaira,Trujillanos,0,0,D,https://ve.soccerway.com/venezuela/liga-futve-2013-2014/resultados/
2013-2014,Liga FUTVE,Clausura,Jornada 4,nc2gfSO0,2014-02-02T21:30:00+00:00,2014-02-02T17:30:00-04:00,Dep. Táchira,Lara,0,0,D,https://ve.soccerway.com/venezuela/liga-futve-2013-2014/resultados/
2013-2014,Liga FUTVE,Clausura,Jornada 4,ULibgnv7,2014-02-02T22:30:00+00:00,2014-02-02T18:30:00-04:00,Zamora,Tucanes,3,1,H,https://ve.soccerway.com/venezuela/liga-futve-2013-2014/resultados/
2013-2014,Liga FUTVE,Clausura,Jornada 5,zJvpHkWD,2014-02-06T19:30:00+00:00,2014-02-06T15:30:00-04:00,El Vigía,Dep. Anzoátegui,0,2,A,https://ve.soccerway.com/venezuela/liga-futve-2013-2014/resultados/
2013-2014,Liga FUTVE,Clausura,Jornada 5,YgKKAm9s,2014-02-07T20:30:00+00:00,2014-02-07T16:30:00-04:00,Atl. Venezuela,Zamora,1,2,A,https://ve.soccerway.com/venezuela/liga-futve-2013-2014/resultados/
2013-2014,Liga FUTVE,Clausura,Jornada 5,8Cj2h6gD,2014-02-09T19:30:00+00:00,2014-02-09T15:30:00-04:00,Tucanes,Dep. Táchira,1,1,D,https://ve.soccerway.com/venezuela/liga-futve-2013-2014/resultados/
2013-2014,Liga FUTVE,Clausura,Jornada 5,E9wlG9oK,2014-02-09T20:00:00+00:00,2014-02-09T16:00:00-04:00,Carabobo,Aragua,1,0,H,https://ve.soccerway.com/venezuela/liga-futve-2013-2014/resultados/
2013-2014,Liga FUTVE,Clausura,Jornada 5,2ZBy7586,2014-02-09T20:30:00+00:00,2014-02-09T16:30:00-04:00,Lara,Yaracuyanos,1,1,D,https://ve.soccerway.com/venezuela/liga-futve-2013-2014/resultados/
2013-2014,Liga FUTVE,Clausura,Jornada 5,OrDX7og0,2014-02-09T20:30:00+00:00,2014-02-09T16:30:00-04:00,Llaneros,La Guaira,1,1,D,https://ve.soccerway.com/venezuela/liga-futve-2013-2014/resultados/
2013-2014,Liga FUTVE,Clausura,Jornada 5,SGJO97Om,2014-02-09T20:30:00+00:00,2014-02-09T16:30:00-04:00,Mineros,Miranda,2,1,H,https://ve.soccerway.com/venezuela/liga-futve-2013-2014/resultados/
2013-2014,Liga FUTVE,Clausura,Jornada 5,67IS8Rwf,2014-02-09T20:30:00+00:00,2014-02-09T16:30:00-04:00,Trujillanos,Estudiantes M.,4,1,H,https://ve.soccerway.com/venezuela/liga-futve-2013-2014/resultados/
2013-2014,Liga FUTVE,Clausura,Jornada 4,nZJ63W1E,2014-02-12T00:00:00+00:00,2014-02-11T20:00:00-04:00,Caracas,El Vigía,2,0,H,https://ve.soccerway.com/venezuela/liga-futve-2013-2014/resultados/
2013-2014,Liga FUTVE,Clausura,Jornada 6,ddBu6PNC,2014-02-15T23:30:00+00:00,2014-02-15T19:30:00-04:00,Aragua,Caracas,2,3,A,https://ve.soccerway.com/venezuela/liga-futve-2013-2014/resultados/
2013-2014,Liga FUTVE,Clausura,Jornada 6,AayFKOx6,2014-02-16T00:00:00+00:00,2014-02-15T20:00:00-04:00,Zamora,El Vigía,4,0,H,https://ve.soccerway.com/venezuela/liga-futve-2013-2014/resultados/
2013-2014,Liga FUTVE,Clausura,Jornada 6,lSiWSnVP,2014-02-16T19:30:00+00:00,2014-02-16T15:30:00-04:00,Yaracuyanos,Tucanes,0,2,A,https://ve.soccerway.com/venezuela/liga-futve-2013-2014/resultados/
2013-2014,Liga FUTVE,Clausura,Jornada 6,AygSTSFJ,2014-02-16T20:00:00+00:00,2014-02-16T16:00:00-04:00,Zulia,Dep. Anzoátegui,2,3,A,https://ve.soccerway.com/venezuela/liga-futve-2013-2014/resultados/
2013-2014,Liga FUTVE,Clausura,Jornada 6,tKqbO6ws,2014-02-16T20:30:00+00:00,2014-02-16T16:30:00-04:00,La Guaira,Carabobo,0,2,A,https://ve.soccerway.com/venezuela/liga-futve-2013-2014/resultados/
2013-2014,Liga FUTVE,Clausura,Jornada 6,2ZX6Mp8g,2014-02-16T20:30:00+00:00,2014-02-16T16:30:00-04:00,Mineros,Trujillanos,1,0,H,https://ve.soccerway.com/venezuela/liga-futve-2013-2014/resultados/
2013-2014,Liga FUTVE,Clausura,Jornada 6,8WEq5qwJ,2014-02-16T20:30:00+00:00,2014-02-16T16:30:00-04:00,Miranda,Lara,0,0,D,https://ve.soccerway.com/venezuela/liga-futve-2013-2014/resultados/
2013-2014,Liga FUTVE,Clausura,Jornada 6,GxxBL4Na,2014-02-16T21:30:00+00:00,2014-02-16T17:30:00-04:00,Dep. Táchira,Atl. Venezuela,4,1,H,https://ve.soccerway.com/venezuela/liga-futve-2013-2014/resultados/
2013-2014,Liga FUTVE,Clausura,Jornada 6,KAr2NQhm,2014-02-18T22:30:00+00:00,2014-02-18T18:30:00-04:00,Estudiantes M.,Llaneros,3,3,D,https://ve.soccerway.com/venezuela/liga-futve-2013-2014/resultados/
2013-2014,Liga FUTVE,Clausura,Jornada 5,dYShFT0Q,2014-02-20T00:00:00+00:00,2014-02-19T20:00:00-04:00,Caracas,Zulia,1,0,H,https://ve.soccerway.com/venezuela/liga-futve-2013-2014/resultados/
2013-2014,Liga FUTVE,Clausura,Jornada 7,ljzJJrhC,2014-02-23T19:30:00+00:00,2014-02-23T15:30:00-04:00,Tucanes,Miranda,1,1,D,https://ve.soccerway.com/venezuela/liga-futve-2013-2014/resultados/
2013-2014,Liga FUTVE,Clausura,Jornada 7,KrMUOwUi,2014-02-23T20:00:00+00:00,2014-02-23T16:00:00-04:00,Zulia,Aragua,3,0,H,https://ve.soccerway.com/venezuela/liga-futve-2013-2014/resultados/
2013-2014,Liga FUTVE,Clausura,Jornada 7,27BZNcqb,2014-02-23T20:30:00+00:00,2014-02-23T16:30:00-04:00,Atl. Venezuela,Yaracuyanos,2,1,H,https://ve.soccerway.com/venezuela/liga-futve-2013-2014/resultados/
2013-2014,Liga FUTVE,Clausura,Jornada 7,AXEsMyEA,2014-02-23T20:30:00+00:00,2014-02-23T16:30:00-04:00,Llaneros,Mineros,3,0,H,https://ve.soccerway.com/venezuela/liga-futve-2013-2014/resultados/
2013-2014,Liga FUTVE,Clausura,Jornada 7,tbAwNHb4,2014-02-23T20:30:00+00:00,2014-02-23T16:30:00-04:00,Trujillanos,Lara,1,4,A,https://ve.soccerway.com/venezuela/liga-futve-2013-2014/resultados/
2013-2014,Liga FUTVE,Clausura,Jornada 7,6uIQPJEo,2014-02-23T21:30:00+00:00,2014-02-23T17:30:00-04:00,Caracas,La Guaira,4,1,H,https://ve.soccerway.com/venezuela/liga-futve-2013-2014/resultados/
2013-2014,Liga FUTVE,Clausura,Jornada 8,Wn3jKFrN,2014-03-02T19:30:00+00:00,2014-03-02T15:30:00-04:00,Miranda,Atl. Venezuela,1,1,D,https://ve.soccerway.com/venezuela/liga-futve-2013-2014/resultados/
2013-2014,Liga FUTVE,Clausura,Jornada 8,rN6fJZcT,2014-03-02T19:30:00+00:00,2014-03-02T15:30:00-04:00,Yaracuyanos,El Vigía,1,0,H,https://ve.soccerway.com/venezuela/liga-futve-2013-2014/resultados/
2013-2014,Liga FUTVE,Clausura,Jornada 8,02gMEg6p,2014-03-02T20:30:00+00:00,2014-03-02T16:30:00-04:00,La Guaira,Zulia,2,0,H,https://ve.soccerway.com/venezuela/liga-futve-2013-2014/resultados/
2013-2014,Liga FUTVE,Clausura,Jornada 8,pjTPYEcG,2014-03-02T20:30:00+00:00,2014-03-02T16:30:00-04:00,Lara,Tucanes,1,1,D,https://ve.soccerway.com/venezuela/liga-futve-2013-2014/resultados/
2013-2014,Liga FUTVE,Clausura,Jornada 8,GAy9xcbi,2014-03-02T20:30:00+00:00,2014-03-02T16:30:00-04:00,Mineros,Carabobo,1,0,H,https://ve.soccerway.com/venezuela/liga-futve-2013-2014/resultados/
2013-2014,Liga FUTVE,Clausura,Jornada 8,f1zDyHDc,2014-03-02T20:30:00+00:00,2014-03-02T16:30:00-04:00,Trujillanos,Llaneros,3,1,H,https://ve.soccerway.com/venezuela/liga-futve-2013-2014/resultados/
2013-2014,Liga FUTVE,Clausura,Jornada 8,OtSTXYCM,2014-03-02T22:30:00+00:00,2014-03-02T18:30:00-04:00,Zamora,Aragua,2,0,H,https://ve.soccerway.com/venezuela/liga-futve-2013-2014/resultados/
2013-2014,Liga FUTVE,Clausura,Jornada 9,I3m3nYRF,2014-03-07T23:30:00+00:00,2014-03-07T19:30:00-04:00,Dep. Anzoátegui,Yaracuyanos,1,0,H,https://ve.soccerway.com/venezuela/liga-futve-2013-2014/resultados/
2013-2014,Liga FUTVE,Clausura,Jornada 9,W6RXWhSS,2014-03-08T23:30:00+00:00,2014-03-08T19:30:00-04:00,Aragua,La Guaira,0,0,D,https://ve.soccerway.com/venezuela/liga-futve-2013-2014/resultados/
2013-2014,Liga FUTVE,Clausura,Jornada 9,CQn7ohsM,2014-03-08T23:30:00+00:00,2014-03-08T19:30:00-04:00,Zamora,Dep. Táchira,3,0,H,https://ve.soccerway.com/venezuela/liga-futve-2013-2014/resultados/
2013-2014,Liga FUTVE,Clausura,Jornada 9,YFDaSCzp,2014-03-09T19:30:00+00:00,2014-03-09T15:30:00-04:00,El Vigía,Miranda,2,0,H,https://ve.soccerway.com/venezuela/liga-futve-2013-2014/resultados/
2013-2014,Liga FUTVE,Clausura,Jornada 9,Gv34RWkj,2014-03-09T19:30:00+00:00,2014-03-09T15:30:00-04:00,Tucanes,Llaneros,1,0,H,https://ve.soccerway.com/venezuela/liga-futve-2013-2014/resultados/
2013-2014,Liga FUTVE,Clausura,Jornada 9,Us78Qj5d,2014-03-09T20:00:00+00:00,2014-03-09T16:00:00-04:00,Carabobo,Trujillanos,0,1,A,https://ve.soccerway.com/venezuela/liga-futve-2013-2014/resultados/
2013-2014,Liga FUTVE,Clausura,Jornada 9,Myfflfc3,2014-03-09T20:00:00+00:00,2014-03-09T16:00:00-04:00,Zulia,Estudiantes M.,4,3,H,https://ve.soccerway.com/venezuela/liga-futve-2013-2014/resultados/
2013-2014,Liga FUTVE,Clausura,Jornada 9,vDlamEC9,2014-03-09T20:30:00+00:00,2014-03-09T16:30:00-04:00,Atl. Venezuela,Lara,1,3,A,https://ve.soccerway.com/venezuela/liga-futve-2013-2014/resultados/
2013-2014,Liga FUTVE,Clausura,Jornada 9,roejkzrc,2014-03-09T20:30:00+00:00,2014-03-09T16:30:00-04:00,Caracas,Mineros,0,0,D,https://ve.soccerway.com/venezuela/liga-futve-2013-2014/resultados/
2013-2014,Liga FUTVE,Clausura,Jornada 10,OIoovAZe,2014-03-16T20:00:00+00:00,2014-03-16T16:00:00-04:00,Carabobo,Tucanes,0,0,D,https://ve.soccerway.com/venezuela/liga-futve-2013-2014/resultados/
2013-2014,Liga FUTVE,Clausura,Jornada 10,jVQqaBBL,2014-03-16T20:00:00+00:00,2014-03-16T16:00:00-04:00,Estudiantes M.,Dep. Táchira,1,1,D,https://ve.soccerway.com/venezuela/liga-futve-2013-2014/resultados/
2013-2014,Liga FUTVE,Clausura,Jornada 10,4EOX1DR2,2014-03-16T20:00:00+00:00,2014-03-16T16:00:00-04:00,Llaneros,Lara,0,0,D,https://ve.soccerway.com/venezuela/liga-futve-2013-2014/resultados/
2013-2014,Liga FUTVE,Clausura,Jornada 10,GhrwtW4q,2014-03-16T20:00:00+00:00,2014-03-16T16:00:00-04:00,Zulia,El Vigía,2,1,H,https://ve.soccerway.com/venezuela/liga-futve-2013-2014/resultados/
2013-2014,Liga FUTVE,Clausura,Jornada 10,CvSu0idF,2014-03-16T20:30:00+00:00,2014-03-16T16:30:00-04:00,Mineros,Yaracuyanos,1,0,H,https://ve.soccerway.com/venezuela/liga-futve-2013-2014/resultados/
2013-2014,Liga FUTVE,Clausura,Jornada 10,IHSy1Xt9,2014-03-16T20:30:00+00:00,2014-03-16T16:30:00-04:00,Trujillanos,Miranda,1,0,H,https://ve.soccerway.com/venezuela/liga-futve-2013-2014/resultados/
2013-2014,Liga FUTVE,Clausura,Jornada 10,fqssujKk,2014-03-16T21:30:00+00:00,2014-03-16T17:30:00-04:00,Caracas,Atl. Venezuela,0,0,D,https://ve.soccerway.com/venezuela/liga-futve-2013-2014/resultados/
2013-2014,Liga FUTVE,Clausura,Jornada 11,WtrsbVQR,2014-03-23T19:30:00+00:00,2014-03-23T15:30:00-04:00,El Vigía,Aragua,0,1,A,https://ve.soccerway.com/venezuela/liga-futve-2013-2014/resultados/
2013-2014,Liga FUTVE,Clausura,Jornada 11,YkU8gkZr,2014-03-23T19:30:00+00:00,2014-03-23T15:30:00-04:00,Tucanes,Caracas,1,1,D,https://ve.soccerway.com/venezuela/liga-futve-2013-2014/resultados/
2013-2014,Liga FUTVE,Clausura,Jornada 11,OvNLjmJ1,2014-03-23T19:30:00+00:00,2014-03-23T15:30:00-04:00,Yaracuyanos,Trujillanos,0,4,A,https://ve.soccerway.com/venezuela/liga-futve-2013-2014/resultados/
2013-2014,Liga FUTVE,Clausura,Jornada 11,SCTCh9lk,2014-03-23T20:00:00+00:00,2014-03-23T16:00:00-04:00,Miranda,Llaneros,0,1,A,https://ve.soccerway.com/venezuela/liga-futve-2013-2014/resultados/
2013-2014,Liga FUTVE,Clausura,Jornada 11,tGXGiT3e,2014-03-23T20:30:00+00:00,2014-03-23T16:30:00-04:00,Atl. Venezuela,Zulia,2,0,H,https://ve.soccerway.com/venezuela/liga-futve-2013-2014/resultados/
2013-2014,Liga FUTVE,Clausura,Jornada 11,2VLPk7Y7,2014-03-23T20:30:00+00:00,2014-03-23T16:30:00-04:00,Lara,Carabobo,2,4,A,https://ve.soccerway.com/venezuela/liga-futve-2013-2014/resultados/
2013-2014,Liga FUTVE,Clausura,Jornada 11,joF7EjB8,2014-03-23T21:30:00+00:00,2014-03-23T17:30:00-04:00,Dep. Anzoátegui,La Guaira,3,0,H,https://ve.soccerway.com/venezuela/liga-futve-2013-2014/resultados/
2013-2014,Liga FUTVE,Clausura,Jornada 11,UyEBDAQE,2014-03-23T22:30:00+00:00,2014-03-23T18:30:00-04:00,Dep. Táchira,Mineros,1,1,D,https://ve.soccerway.com/venezuela/liga-futve-2013-2014/resultados/
2013-2014,Liga FUTVE,Clausura,Jornada 12,M9Vqe2Am,2014-03-29T23:30:00+00:00,2014-03-29T19:30:00-04:00,Aragua,Atl. Venezuela,0,0,D,https://ve.soccerway.com/venezuela/liga-futve-2013-2014/resultados/
2013-2014,Liga FUTVE,Clausura,Jornada 12,CbOdh0f6,2014-03-30T20:00:00+00:00,2014-03-30T16:00:00-04:00,Carabobo,Miranda,0,1,A,https://ve.soccerway.com/venezuela/liga-futve-2013-2014/resultados/
2013-2014,Liga FUTVE,Clausura,Jornada 12,4dwHgAjt,2014-03-30T20:00:00+00:00,2014-03-30T16:00:00-04:00,Estudiantes M.,Dep. Anzoátegui,1,1,D,https://ve.soccerway.com/venezuela/liga-futve-2013-2014/resultados/
2013-2014,Liga FUTVE,Clausura,Jornada 12,GWUmfMPg,2014-03-30T20:00:00+00:00,2014-03-30T16:00:00-04:00,Zulia,Tucanes,1,2,A,https://ve.soccerway.com/venezuela/liga-futve-2013-2014/resultados/
2013-2014,Liga FUTVE,Clausura,Jornada 12,jkN0iK9C,2014-03-30T20:30:00+00:00,2014-03-30T16:30:00-04:00,La Guaira,El Vigía,2,1,H,https://ve.soccerway.com/venezuela/liga-futve-2013-2014/resultados/
2013-2014,Liga FUTVE,Clausura,Jornada 12,pCM4jvPI,2014-03-30T20:30:00+00:00,2014-03-30T16:30:00-04:00,Llaneros,Yaracuyanos,3,1,H,https://ve.soccerway.com/venezuela/liga-futve-2013-2014/resultados/
2013-2014,Liga FUTVE,Clausura,Jornada 12,2mikbjrP,2014-03-30T20:30:00+00:00,2014-03-30T16:30:00-04:00,Mineros,Zamora,4,2,H,https://ve.soccerway.com/venezuela/liga-futve-2013-2014/resultados/
2013-2014,Liga FUTVE,Clausura,Jornada 12,bFQ8kbvP,2014-03-30T20:30:00+00:00,2014-03-30T16:30:00-04:00,Trujillanos,Dep. Táchira,1,0,H,https://ve.soccerway.com/venezuela/liga-futve-2013-2014/resultados/
2013-2014,Liga FUTVE,Clausura,Jornada 12,fNTigtu0,2014-03-30T21:30:00+00:00,2014-03-30T17:30:00-04:00,Caracas,Lara,2,2,D,https://ve.soccerway.com/venezuela/liga-futve-2013-2014/resultados/
2013-2014,Liga FUTVE,Clausura,Jornada 8,vghQDDLj,2014-04-02T20:00:00+00:00,2014-04-02T16:00:00-04:00,Estudiantes M.,Caracas,1,1,D,https://ve.soccerway.com/venezuela/liga-futve-2013-2014/resultados/
2013-2014,Liga FUTVE,Clausura,Jornada 14,GY1N0q4N,2014-04-03T00:00:00+00:00,2014-04-02T20:00:00-04:00,Llaneros,Zamora,0,2,A,https://ve.soccerway.com/venezuela/liga-futve-2013-2014/resultados/
2013-2014,Liga FUTVE,Clausura,Jornada 13,jRGc6mzn,2014-04-05T23:30:00+00:00,2014-04-05T19:30:00-04:00,Zamora,Trujillanos,5,2,H,https://ve.soccerway.com/venezuela/liga-futve-2013-2014/resultados/
2013-2014,Liga FUTVE,Clausura,Jornada 13,KntTj8za,2014-04-06T19:30:00+00:00,2014-04-06T15:30:00-04:00,El Vigía,Estudiantes M.,0,1,A,https://ve.soccerway.com/venezuela/liga-futve-2013-2014/resultados/
2013-2014,Liga FUTVE,Clausura,Jornada 13,bXiKhU5n,2014-04-06T19:30:00+00:00,2014-04-06T15:30:00-04:00,Tucanes,Aragua,0,0,D,https://ve.soccerway.com/venezuela/liga-futve-2013-2014/resultados/
2013-2014,Liga FUTVE,Clausura,Jornada 13,2VylnpkU,2014-04-06T20:00:00+00:00,2014-04-06T16:00:00-04:00,Dep. Táchira,Llaneros,3,1,H,https://ve.soccerway.com/venezuela/liga-futve-2013-2014/resultados/
2013-2014,Liga FUTVE,Clausura,Jornada 13,63rul6KH,2014-04-06T20:30:00+00:00,2014-04-06T16:30:00-04:00,Atl. Venezuela,La Guaira,0,0,D,https://ve.soccerway.com/venezuela/liga-futve-2013-2014/resultados/
2013-2014,Liga FUTVE,Clausura,Jornada 13,OvwpmQZN,2014-04-06T20:30:00+00:00,2014-04-06T16:30:00-04:00,Lara,Zulia,3,3,D,https://ve.soccerway.com/venezuela/liga-futve-2013-2014/resultados/
2013-2014,Liga FUTVE,Clausura,Jornada 13,YkpXkSk5,2014-04-06T20:30:00+00:00,2014-04-06T16:30:00-04:00,Miranda,Caracas,2,1,H,https://ve.soccerway.com/venezuela/liga-futve-2013-2014/resultados/
2013-2014,Liga FUTVE,Clausura,Jornada 13,SCqykn5B,2014-04-06T20:30:00+00:00,2014-04-06T16:30:00-04:00,Yaracuyanos,Carabobo,1,1,D,https://ve.soccerway.com/venezuela/liga-futve-2013-2014/resultados/
2013-2014,Liga FUTVE,Clausura,Jornada 13,viDg7TKu,2014-04-06T21:30:00+00:00,2014-04-06T17:30:00-04:00,Dep. Anzoátegui,Mineros,0,0,D,https://ve.soccerway.com/venezuela/liga-futve-2013-2014/resultados/
2013-2014,Liga FUTVE,Clausura,Jornada 14,Yk6257kh,2014-04-12T23:30:00+00:00,2014-04-12T19:30:00-04:00,Aragua,Lara,0,0,D,https://ve.soccerway.com/venezuela/liga-futve-2013-2014/resultados/
2013-2014,Liga FUTVE,Clausura,Jornada 14,K68E25ZA,2014-04-13T20:00:00+00:00,2014-04-13T16:00:00-04:00,Carabobo,Dep. Táchira,0,1,A,https://ve.soccerway.com/venezuela/liga-futve-2013-2014/resultados/
2013-2014,Liga FUTVE,Clausura,Jornada 14,CdgUJ64o,2014-04-13T20:00:00+00:00,2014-04-13T16:00:00-04:00,Estudiantes M.,Atl. Venezuela,0,0,D,https://ve.soccerway.com/venezuela/liga-futve-2013-2014/resultados/
2013-2014,Liga FUTVE,Clausura,Jornada 14,Ct564R4b,2014-04-13T20:00:00+00:00,2014-04-13T16:00:00-04:00,Zulia,Miranda,1,1,D,https://ve.soccerway.com/venezuela/liga-futve-2013-2014/resultados/
2013-2014,Liga FUTVE,Clausura,Jornada 14,2VcJ1PlH,2014-04-13T20:30:00+00:00,2014-04-13T16:30:00-04:00,La Guaira,Tucanes,0,1,A,https://ve.soccerway.com/venezuela/liga-futve-2013-2014/resultados/
2013-2014,Liga FUTVE,Clausura,Jornada 14,Ae1Ra3JT,2014-04-13T20:30:00+00:00,2014-04-13T16:30:00-04:00,Trujillanos,Dep. Anzoátegui,3,1,H,https://ve.soccerway.com/venezuela/liga-futve-2013-2014/resultados/
2013-2014,Liga FUTVE,Clausura,Jornada 14,tG9A3oK4,2014-04-13T21:30:00+00:00,2014-04-13T17:30:00-04:00,Caracas,Yaracuyanos,1,0,H,https://ve.soccerway.com/venezuela/liga-futve-2013-2014/resultados/
2013-2014,Liga FUTVE,Clausura,Jornada 14,C4mgeNRp,2014-04-13T21:30:00+00:00,2014-04-13T17:30:00-04:00,Mineros,El Vigía,4,1,H,https://ve.soccerway.com/venezuela/liga-futve-2013-2014/resultados/
2013-2014,Liga FUTVE,Clausura,Jornada 7,lODoLeTG,2014-04-16T23:30:00+00:00,2014-04-16T19:30:00-04:00,Dep. Anzoátegui,Zamora,1,1,D,https://ve.soccerway.com/venezuela/liga-futve-2013-2014/resultados/
2013-2014,Liga FUTVE,Clausura,Jornada 8,2RwLZfrA,2014-04-20T20:30:00+00:00,2014-04-20T16:30:00-04:00,Dep. Táchira,Dep. Anzoátegui,2,1,H,https://ve.soccerway.com/venezuela/liga-futve-2013-2014/resultados/
2013-2014,Liga FUTVE,Clausura,Jornada 10,29pkwUl2,2014-04-20T20:30:00+00:00,2014-04-20T16:30:00-04:00,La Guaira,Zamora,0,3,A,https://ve.soccerway.com/venezuela/liga-futve-2013-2014/resultados/
2013-2014,Liga FUTVE,Clausura,Jornada 15,txooGO3A,2014-04-26T23:30:00+00:00,2014-04-26T19:30:00-04:00,Yaracuyanos,Zulia,2,0,H,https://ve.soccerway.com/venezuela/liga-futve-2013-2014/resultados/
2013-2014,Liga FUTVE,Clausura,Jornada 15,jmhYIQJi,2014-04-27T19:30:00+00:00,2014-04-27T15:30:00-04:00,El Vigía,Trujillanos,0,5,A,https://ve.soccerway.com/venezuela/liga-futve-2013-2014/resultados/
2013-2014,Liga FUTVE,Clausura,Jornada 15,pAixIpZc,2014-04-27T19:30:00+00:00,2014-04-27T15:30:00-04:00,Tucanes,Estudiantes M.,3,1,H,https://ve.soccerway.com/venezuela/liga-futve-2013-2014/resultados/
2013-2014,Liga FUTVE,Clausura,Jornada 15,KSqkFrJG,2014-04-27T20:30:00+00:00,2014-04-27T16:30:00-04:00,Atl. Venezuela,Mineros,1,3,A,https://ve.soccerway.com/venezuela/liga-futve-2013-2014/resultados/
2013-2014,Liga FUTVE,Clausura,Jornada 15,l2lgE2YM,2014-04-27T20:30:00+00:00,2014-04-27T16:30:00-04:00,Dep. Táchira,Caracas,3,2,H,https://ve.soccerway.com/venezuela/liga-futve-2013-2014/resultados/
2013-2014,Liga FUTVE,Clausura,Jornada 15,ShmcDMmT,2014-04-27T20:30:00+00:00,2014-04-27T16:30:00-04:00,Lara,La Guaira,0,1,A,https://ve.soccerway.com/venezuela/liga-futve-2013-2014/resultados/
2013-2014,Liga FUTVE,Clausura,Jornada 15,bDetH4l4,2014-04-27T20:30:00+00:00,2014-04-27T16:30:00-04:00,Miranda,Aragua,0,0,D,https://ve.soccerway.com/venezuela/liga-futve-2013-2014/resultados/
2013-2014,Liga FUTVE,Clausura,Jornada 15,YZPP8tdp,2014-04-27T21:30:00+00:00,2014-04-27T17:30:00-04:00,Dep. Anzoátegui,Llaneros,6,1,H,https://ve.soccerway.com/venezuela/liga-futve-2013-2014/resultados/
2013-2014,Liga FUTVE,Clausura,Jornada 15,WKrT70Bj,2014-04-27T22:30:00+00:00,2014-04-27T18:30:00-04:00,Zamora,Carabobo,6,2,H,https://ve.soccerway.com/venezuela/liga-futve-2013-2014/resultados/
2013-2014,Liga FUTVE,Clausura,Jornada 10,AB5ApCdS,2014-04-30T23:30:00+00:00,2014-04-30T19:30:00-04:00,Aragua,Dep. Anzoátegui,1,0,H,https://ve.soccerway.com/venezuela/liga-futve-2013-2014/resultados/
2013-2014,Liga FUTVE,Clausura,Jornada 16,pOWAWqli,2014-05-04T20:00:00+00:00,2014-05-04T16:00:00-04:00,Aragua,Yaracuyanos,2,1,H,https://ve.soccerway.com/venezuela/liga-futve-2013-2014/resultados/
2013-2014,Liga FUTVE,Clausura,Jornada 16,KtPNTsY9,2014-05-04T20:00:00+00:00,2014-05-04T16:00:00-04:00,Carabobo,Dep. Anzoátegui,1,2,A,https://ve.soccerway.com/venezuela/liga-futve-2013-2014/resultados/
2013-2014,Liga FUTVE,Clausura,Jornada 16,tjQJUNI3,2014-05-04T20:00:00+00:00,2014-05-04T16:00:00-04:00,Caracas,Zamora,2,2,D,https://ve.soccerway.com/venezuela/liga-futve-2013-2014/resultados/
2013-2014,Liga FUTVE,Clausura,Jornada 16,fLv88X11,2014-05-04T20:00:00+00:00,2014-05-04T16:00:00-04:00,Estudiantes M.,Lara,0,2,A,https://ve.soccerway.com/venezuela/liga-futve-2013-2014/resultados/
2013-2014,Liga FUTVE,Clausura,Jornada 16,E3ORS1mG,2014-05-04T20:00:00+00:00,2014-05-04T16:00:00-04:00,La Guaira,Miranda,3,0,H,https://ve.soccerway.com/venezuela/liga-futve-2013-2014/resultados/
2013-2014,Liga FUTVE,Clausura,Jornada 16,QuieBZHr,2014-05-04T20:00:00+00:00,2014-05-04T16:00:00-04:00,Llaneros,El Vigía,1,3,A,https://ve.soccerway.com/venezuela/liga-futve-2013-2014/resultados/
2013-2014,Liga FUTVE,Clausura,Jornada 16,neu49Dne,2014-05-04T20:00:00+00:00,2014-05-04T16:00:00-04:00,Mineros,Tucanes,5,1,H,https://ve.soccerway.com/venezuela/liga-futve-2013-2014/resultados/
2013-2014,Liga FUTVE,Clausura,Jornada 16,84t0AgXl,2014-05-04T20:00:00+00:00,2014-05-04T16:00:00-04:00,Trujillanos,Atl. Venezuela,0,0,D,https://ve.soccerway.com/venezuela/liga-futve-2013-2014/resultados/
2013-2014,Liga FUTVE,Clausura,Jornada 16,OEVEV33c,2014-05-04T20:00:00+00:00,2014-05-04T16:00:00-04:00,Zulia,Dep. Táchira,2,4,A,https://ve.soccerway.com/venezuela/liga-futve-2013-2014/resultados/
2013-2014,Liga FUTVE,Clausura,Jornada 7,hxUr1zxo,2014-05-07T20:00:00+00:00,2014-05-07T16:00:00-04:00,Carabobo,Estudiantes M.,1,0,H,https://ve.soccerway.com/venezuela/liga-futve-2013-2014/resultados/
2013-2014,Liga FUTVE,Clausura,Jornada 7,GC6FI27I,2014-05-08T19:30:00+00:00,2014-05-08T15:30:00-04:00,El Vigía,Dep. Táchira,2,3,A,https://ve.soccerway.com/venezuela/liga-futve-2013-2014/resultados/
2013-2014,Liga FUTVE,Clausura,Jornada 17,2R1ZOhnr,2014-05-11T20:00:00+00:00,2014-05-11T16:00:00-04:00,Atl. Venezuela,Llaneros,1,0,H,https://ve.soccerway.com/venezuela/liga-futve-2013-2014/resultados/
2013-2014,Liga FUTVE,Clausura,Jornada 17,lKLbVf9E,2014-05-11T20:00:00+00:00,2014-05-11T16:00:00-04:00,Dep. Anzoátegui,Caracas,0,0,D,https://ve.soccerway.com/venezuela/liga-futve-2013-2014/resultados/
2013-2014,Liga FUTVE,Clausura,Jornada 17,YBwC7iH7,2014-05-11T20:00:00+00:00,2014-05-11T16:00:00-04:00,Dep. Táchira,Aragua,2,1,H,https://ve.soccerway.com/venezuela/liga-futve-2013-2014/resultados/
2013-2014,Liga FUTVE,Clausura,Jornada 17,rsL2UEOK,2014-05-11T20:00:00+00:00,2014-05-11T16:00:00-04:00,El Vigía,Carabobo,3,1,H,https://ve.soccerway.com/venezuela/liga-futve-2013-2014/resultados/
2013-2014,Liga FUTVE,Clausura,Jornada 17,zu0sNWGf,2014-05-11T20:00:00+00:00,2014-05-11T16:00:00-04:00,Lara,Mineros,0,1,A,https://ve.soccerway.com/venezuela/liga-futve-2013-2014/resultados/
2013-2014,Liga FUTVE,Clausura,Jornada 17,nF3oMjW0,2014-05-11T20:00:00+00:00,2014-05-11T16:00:00-04:00,Miranda,Estudiantes M.,1,0,H,https://ve.soccerway.com/venezuela/liga-futve-2013-2014/resultados/
2013-2014,Liga FUTVE,Clausura,Jornada 17,tI0wOC1l,2014-05-11T20:00:00+00:00,2014-05-11T16:00:00-04:00,Tucanes,Trujillanos,1,0,H,https://ve.soccerway.com/venezuela/liga-futve-2013-2014/resultados/
2013-2014,Liga FUTVE,Clausura,Jornada 17,MXJ6TYwR,2014-05-11T20:00:00+00:00,2014-05-11T16:00:00-04:00,Yaracuyanos,La Guaira,0,2,A,https://ve.soccerway.com/venezuela/liga-futve-2013-2014/resultados/
2013-2014,Liga FUTVE,Clausura,Jornada 17,zHHfWzf8,2014-05-11T20:00:00+00:00,2014-05-11T16:00:00-04:00,Zamora,Zulia,3,2,H,https://ve.soccerway.com/venezuela/liga-futve-2013-2014/resultados/
2013-2014,Liga FUTVE,Copa Sudamericana - Playoffs,Semifinales,4jMgDEbb,2014-05-17T23:30:00+00:00,2014-05-17T19:30:00-04:00,Aragua,Atl. Venezuela,1,0,H,https://ve.soccerway.com/venezuela/liga-futve-2013-2014/resultados/
2013-2014,Liga FUTVE,Copa Sudamericana - Playoffs,Semifinales,CGP1BhTA,2014-05-18T20:30:00+00:00,2014-05-18T16:30:00-04:00,La Guaira,Tucanes,3,1,H,https://ve.soccerway.com/venezuela/liga-futve-2013-2014/resultados/
2013-2014,Liga FUTVE,Copa Sudamericana - Playoffs,Semifinales,rsLcCYD4,2014-05-18T20:30:00+00:00,2014-05-18T16:30:00-04:00,Lara,Carabobo,1,0,H,https://ve.soccerway.com/venezuela/liga-futve-2013-2014/resultados/
2013-2014,Liga FUTVE,Copa Sudamericana - Playoffs,Semifinales,MRWlEfqh,2014-05-18T20:30:00+00:00,2014-05-18T16:30:00-04:00,Miranda,Trujillanos,0,2,A,https://ve.soccerway.com/venezuela/liga-futve-2013-2014/resultados/
2013-2014,Liga FUTVE,Superfinal,Final,fwASbz12,2014-05-18T22:30:00+00:00,2014-05-18T18:30:00-04:00,Zamora,Mineros,4,1,H,https://ve.soccerway.com/venezuela/liga-futve-2013-2014/resultados/
2013-2014,Liga FUTVE,Copa Sudamericana - Playoffs,Semifinales,x2uriOsd,2014-05-21T19:30:00+00:00,2014-05-21T15:30:00-04:00,Tucanes,La Guaira,1,0,H,https://ve.soccerway.com/venezuela/liga-futve-2013-2014/resultados/
2013-2014,Liga FUTVE,Copa Sudamericana - Playoffs,Semifinales,rutvh4Sk,2014-05-21T20:00:00+00:00,2014-05-21T16:00:00-04:00,Carabobo,Lara,3,0,H,https://ve.soccerway.com/venezuela/liga-futve-2013-2014/resultados/
2013-2014,Liga FUTVE,Copa Sudamericana - Playoffs,Semifinales,W4xzgpDq,2014-05-21T20:30:00+00:00,2014-05-21T16:30:00-04:00,Atl. Venezuela,Aragua,1,1,D,https://ve.soccerway.com/venezuela/liga-futve-2013-2014/resultados/
2013-2014,Liga FUTVE,Copa Sudamericana - Playoffs,Semifinales,j7O5ACrH,2014-05-21T20:30:00+00:00,2014-05-21T16:30:00-04:00,Trujillanos,Miranda,5,0,H,https://ve.soccerway.com/venezuela/liga-futve-2013-2014/resultados/
2013-2014,Liga FUTVE,Copa Sudamericana - Playoffs,Final,Kz2jTo37,2014-05-25T20:30:00+00:00,2014-05-25T16:30:00-04:00,La Guaira,Carabobo,0,0,D,https://ve.soccerway.com/venezuela/liga-futve-2013-2014/resultados/
2013-2014,Liga FUTVE,Superfinal,Final,YT8WcfG8,2014-05-25T20:30:00+00:00,2014-05-25T16:30:00-04:00,Mineros,Zamora,2,0,H,https://ve.soccerway.com/venezuela/liga-futve-2013-2014/resultados/
2013-2014,Liga FUTVE,Copa Sudamericana - Playoffs,Final,0OCZo0tE,2014-05-25T23:30:00+00:00,2014-05-25T19:30:00-04:00,Aragua,Trujillanos,0,0,D,https://ve.soccerway.com/venezuela/liga-futve-2013-2014/resultados/
2013-2014,Liga FUTVE,Copa Sudamericana - Playoffs,Final,Yw6fS5ID,2014-05-28T19:30:00+00:00,2014-05-28T15:30:00-04:00,Carabobo,La Guaira,0,1,A,https://ve.soccerway.com/venezuela/liga-futve-2013-2014/resultados/
2013-2014,Liga FUTVE,Copa Sudamericana - Playoffs,Final,YyBspvBQ,2014-05-28T20:30:00+00:00,2014-05-28T16:30:00-04:00,Trujillanos,Aragua,6,1,H,https://ve.soccerway.com/venezuela/liga-futve-2013-2014/resultados/
